{"stats":{"minecraft:killed":{"minecraft:witch":2,"minecraft:vindicator":5,"minecraft:spider":8,"minecraft:cod":2,"minecraft:skeleton":2,"minecraft:salmon":6,"minecraft:ravager":1,"minecraft:squid":5,"minecraft:sheep":20,"minecraft:pillager":24,"minecraft:villager":1},"minecraft:broken":{"minecraft:stone_sword":2,"minecraft:iron_leggings":1,"minecraft:stone_pickaxe":5,"minecraft:shield":1,"minecraft:stone_axe":6,"minecraft:stone_shovel":7},"minecraft:crafted":{"minecraft:oak_planks":548,"minecraft:stone_shovel":9,"minecraft:furnace":4,"minecraft:cooked_mutton":31,"minecraft:oak_trapdoor":2,"minecraft:ladder":6,"minecraft:stone_pickaxe":6,"minecraft:chest":4,"minecraft:dried_kelp_block":13,"minecraft:stone_hoe":2,"minecraft:oak_fence":96,"minecraft:smoker":1,"minecraft:crafting_table":3,"minecraft:dried_kelp":121,"minecraft:cooked_salmon":6,"minecraft:fletching_table":1,"minecraft:bucket":1,"minecraft:oak_wood":6,"minecraft:stone_axe":7,"minecraft:bread":17,"minecraft:oak_fence_gate":18,"minecraft:oak_boat":3,"minecraft:charcoal":43,"minecraft:shield":1,"minecraft:stick":276,"minecraft:iron_ingot":11,"minecraft:stone_sword":3,"minecraft:iron_leggings":1,"minecraft:white_bed":3,"minecraft:torch":88},"minecraft:picked_up":{"minecraft:crafting_table":1,"minecraft:wheat":105,"minecraft:ladder":12,"minecraft:brown_mushroom":3,"minecraft:string":9,"minecraft:iron_axe":1,"minecraft:oak_boat":8,"minecraft:poppy":9,"minecraft:light_gray_wool":4,"minecraft:sugar_cane":46,"minecraft:chest":2,"minecraft:birch_sapling":2,"minecraft:egg":5,"minecraft:stick":24,"minecraft:oak_door":2,"minecraft:oak_fence":35,"minecraft:torch":18,"minecraft:diorite":11,"minecraft:arrow":18,"minecraft:cactus":21,"minecraft:rotten_flesh":6,"minecraft:saddle":1,"minecraft:mutton":31,"minecraft:cod":2,"minecraft:cobblestone":559,"minecraft:white_wool":13,"minecraft:oxeye_daisy":2,"minecraft:birch_log":13,"minecraft:andesite":14,"minecraft:salmon":6,"minecraft:brown_wool":3,"minecraft:smoker":1,"minecraft:flint":6,"minecraft:oak_log":245,"minecraft:gunpowder":2,"minecraft:cobblestone_stairs":5,"minecraft:dirt":839,"minecraft:white_banner":10,"minecraft:bone":14,"minecraft:apple":2,"minecraft:kelp":254,"minecraft:wheat_seeds":441,"minecraft:oak_fence_gate":9,"minecraft:iron_ore":11,"minecraft:fletching_table":1,"minecraft:glass_bottle":2,"minecraft:oak_planks":77,"minecraft:dandelion":21,"minecraft:gravel":41,"minecraft:sand":194,"minecraft:ink_sac":11,"minecraft:white_bed":1,"minecraft:spider_eye":4,"minecraft:dried_kelp_block":1,"minecraft:granite":94,"minecraft:crossbow":1,"minecraft:bone_meal":1,"minecraft:emerald":3,"minecraft:bread":16,"minecraft:oak_sapling":38,"minecraft:coal":59},"minecraft:dropped":{"minecraft:bread":19},"minecraft:used":{"minecraft:oak_trapdoor":1,"minecraft:oak_fence":110,"minecraft:stone_sword":398,"minecraft:stone_shovel":1005,"minecraft:ladder":15,"minecraft:chest":6,"minecraft:cooked_salmon":6,"minecraft:stone_hoe":78,"minecraft:dried_kelp_block":1,"minecraft:torch":42,"minecraft:dirt":434,"minecraft:granite":4,"minecraft:oak_fence_gate":25,"minecraft:villager_spawn_egg":1,"minecraft:oak_sapling":10,"minecraft:furnace":3,"minecraft:egg":2,"minecraft:wheat_seeds":188,"minecraft:cooked_mutton":18,"minecraft:water_bucket":2,"minecraft:stone_pickaxe":754,"minecraft:oak_planks":12,"minecraft:cactus":16,"minecraft:wooden_pickaxe":23,"minecraft:fletching_table":2,"minecraft:sugar_cane":30,"minecraft:sand":57,"minecraft:crafting_table":3,"minecraft:white_bed":4,"minecraft:crossbow":1,"minecraft:smoker":2,"minecraft:oak_log":2,"minecraft:apple":3,"minecraft:bread":3,"minecraft:stone_axe":681,"minecraft:cobblestone":147,"minecraft:white_banner":10,"minecraft:andesite":2,"minecraft:bucket":2,"minecraft:oak_boat":8,"minecraft:kelp":77,"minecraft:dandelion":1},"minecraft:custom":{"minecraft:mob_kills":79,"minecraft:animals_bred":3,"minecraft:interact_with_crafting_table":93,"minecraft:leave_game":9,"minecraft:time_since_death":15152,"minecraft:climb_one_cm":9740,"minecraft:sprint_one_cm":857094,"minecraft:walk_one_cm":1007326,"minecraft:damage_blocked_by_shield":2620,"minecraft:drop":17,"minecraft:talked_to_villager":6,"minecraft:deaths":42,"minecraft:sneak_time":3863,"minecraft:walk_under_water_one_cm":62560,"minecraft:boat_one_cm":100035,"minecraft:jump":4264,"minecraft:walk_on_water_one_cm":39295,"minecraft:interact_with_furnace":79,"minecraft:play_one_minute":366172,"minecraft:raid_trigger":2,"minecraft:sleep_in_bed":25,"minecraft:time_since_rest":15003,"minecraft:damage_taken":12166,"minecraft:damage_dealt":12721,"minecraft:swim_one_cm":67450,"minecraft:fly_one_cm":407702,"minecraft:open_chest":151,"minecraft:crouch_one_cm":7177,"minecraft:fall_one_cm":71602},"minecraft:mined":{"minecraft:white_bed":1,"minecraft:farmland":23,"minecraft:cobblestone_stairs":5,"minecraft:ladder":7,"minecraft:granite":94,"minecraft:grass_block":377,"minecraft:kelp":86,"minecraft:oxeye_daisy":2,"minecraft:sandstone":2,"minecraft:iron_ore":11,"minecraft:andesite":14,"minecraft:fletching_table":1,"minecraft:stone":464,"minecraft:brown_mushroom":1,"minecraft:glass_pane":5,"minecraft:kelp_plant":34,"minecraft:smoker":1,"minecraft:dandelion":21,"minecraft:oak_fence":35,"minecraft:crafting_table":1,"minecraft:torch":10,"minecraft:poppy":10,"minecraft:chest":2,"minecraft:dead_bush":1,"minecraft:cobblestone":99,"minecraft:dried_kelp_block":1,"minecraft:sugar_cane":36,"minecraft:oak_planks":21,"minecraft:diorite":11,"minecraft:wall_torch":5,"minecraft:seagrass":7,"minecraft:cactus":4,"minecraft:birch_log":13,"minecraft:wheat":126,"minecraft:birch_leaves":15,"minecraft:grass_path":1,"minecraft:white_wall_banner":2,"minecraft:grass":324,"minecraft:oak_log":217,"minecraft:coal_ore":59,"minecraft:oak_fence_gate":7,"minecraft:gravel":47,"minecraft:sand":198,"minecraft:dirt":459,"minecraft:oak_leaves":131},"minecraft:killed_by":{"minecraft:creeper":1,"minecraft:spider":1,"minecraft:pillager":6,"minecraft:enderman":2,"minecraft:ravager":11,"minecraft:vindicator":11,"minecraft:skeleton":2,"minecraft:witch":2,"minecraft:zombie":1}},"DataVersion":2230}